sci,en,class_,order_,family,wiki,source
Amphiprion ocellaris,clownfish,Actinopterygii,Perciformes,Pomacentridae,Ocellaris_clownfish,existing
Astatotilapia burtoni,Burton's mouthbrooder,Actinopterygii,Cichliformes,Cichlidae,Astatotilapia_burtoni,existing
Carassius auratus,goldfish,Actinopterygii,Cypriniformes,Cyprinidae,Goldfish,existing
Danio rerio,zebrafish,Actinopterygii,Cypriniformes,Danionidae,Zebrafish,existing
Gadus morhua,atlantic cod,Actinopterygii,Gadiformes,Gadidae,Atlantic_cod,existing
Hippocampus reidi,longsnout seahorse,Actinopterygii,Syngnathiformes,Syngnathidae,Longsnout_seahorse,existing
Lutjanus campechanus,red snapper,Actinopterygii,Perciformes,Lutjanidae,Northern_red_snapper,existing
Oreochromis niloticus,nile tilapia,Actinopterygii,Perciformes,Cichlidae,Nile_tilapia,existing
Pollachius virens,saithe,Actinopterygii,Gadiformes,Gadidae,Pollock_(fish),existing
Porichthys notatus,midshipman fish,Actinopterygii,Batrachoidiformes,Batrachoididae,Plainfin_midshipman_fish,existing
Sebastes mystinus,blue rockfish,Actinopterygii,Scorpaeniformes,Sebastidae,Blue_rockfish,existing
Allobates femoralis,brilliant-thighed poison frog,Amphibia,Anura,Aromobatidae,Allobates_femoralis,existing
Bombina bombina,european fire-bellied toad,Amphibia,Anura,Bombinatoridae,Bombina_bombina,existing
Bombina variegata,yellow-bellied toad,Amphibia,Anura,Bombinatoridae,Yellow-bellied_toad,existing
Bufo bufo,common toad,Amphibia,Anura,Bufonidae,Common_toad,existing
Dendrobates auratus,green poison dart frog,Amphibia,Anura,Dendrobatidae,Green_and_black_poison_dart_frog,existing
Dendropsophus ebraccatus,hourglass treefrog,Amphibia,Anura,Hylidae,Dendropsophus_ebraccatus,existing
Eleutherodactylus coqui,coqui frog,Amphibia,Anura,Eleutherodactylidae,Common_coquí,existing
Engystomops pustulosus,túngara frog,Amphibia,Anura,Leptodactylidae,Túngara_frog,existing
Hyla arborea,european treefrog,Amphibia,Anura,Hylidae,European_tree_frog,existing
Hyla chrysoscelis,gray treefrog,Amphibia,Anura,Hylidae,Cope's_gray_treefrog,existing
Hyperolius marmoratus,painted reed frog,Amphibia,Anura,Hyperoliidae,Hyperolius_marmoratus,existing
Lithobates catesbeianus,american bullfrog,Amphibia,Anura,Ranidae,American_bullfrog,existing
Litoria caerulea,Australian green tree frog,Amphibia,Anura,Pelodryadidae,Australian_green_tree_frog,existing
Pelophylax ridibundus,marsh frog,Amphibia,Anura,Ranidae,Pelophylax_ridibundus,existing
Pseudacris crucifer,spring peeper,Amphibia,Anura,Hylidae,Spring_peeper,existing
Rana temporaria,common frog,Amphibia,Anura,Ranidae,Common_frog,existing
Rhinella marina,cane toad,Amphibia,Anura,Bufonidae,Cane_toad,existing
Xenopus laevis,african clawed frog,Amphibia,Anura,Pipidae,African_clawed_frog,existing
Acanthisitta chloris,rifleman,Aves,Passeriformes,Acanthisittidae,Rifleman_(bird),existing
Acrocephalus arundinaceus,great reed warbler,Aves,Passeriformes,Acrocephalidae,Acrocephalus_arundinaceus,existing
Acrocephalus palustris,marsh warbler,Aves,Passeriformes,Acrocephalidae,Acrocephalus_palustris,existing
Acrocephalus scirpaceus,reed warbler,Aves,Passeriformes,Acrocephalidae,Eurasian_reed_warbler,existing
Aegithalos caudatus,long-tailed tit,Aves,Passeriformes,Aegithalidae,Long-tailed_tit,existing
Agelaius phoeniceus,red-winged blackbird,Aves,Passeriformes,Icteridae,Red-winged_blackbird,existing
Alauda arvensis,eurasian skylark,Aves,Passeriformes,Alaudidae,Eurasian_skylark,existing
Amazona amazonica,orange-winged amazon,Aves,Psittaciformes,Psittacidae,Amazona_amazonica,existing
Anas platyrhynchos,mallard,Aves,Anseriformes,Anatidae,Mallard,existing
Anthus pratensis,meadow pipit,Aves,Passeriformes,Motacillidae,Meadow_pipit,existing
Aptenodytes patagonicus,king penguin,Aves,Sphenisciformes,Spheniscidae,King_penguin,existing
Apus apus,common swift,Aves,Apodiformes,Apodidae,Common_swift,existing
Ara macao,scarlet macaw,Aves,Psittaciformes,Psittacidae,Scarlet_macaw,existing
Branta canadensis,Canada goose,Aves,Anseriformes,Anatidae,Canada_goose,existing
Bubo bubo,eurasian eagle-owl,Aves,Strigiformes,Strigidae,Eurasian_eagle-owl,existing
Cacatua galerita,sulphur-crested cockatoo,Aves,Psittaciformes,Psittacidae,Cacatua_galerita,existing
Calidris pusilla,semipalmated sandpiper,Aves,Charadriiformes,Scolopacidae,Semipalmated_sandpiper,existing
Cardinalis cardinalis,northern cardinal,Aves,Passeriformes,Cardinalidae,Cardinalis_cardinalis,existing
Carduelis carduelis,european goldfinch,Aves,Passeriformes,Fringillidae,European_goldfinch,existing
Cinclus cinclus,white-throated dipper,Aves,Passeriformes,Cinclidae,White-throated_dipper,existing
Columba livia,common pigeon,Aves,Columbiformes,Columbidae,Rock_dove,existing
Corvus brachyrhynchos,american crow,Aves,Passeriformes,Corvidae,Corvus_brachyrhynchos,existing
Corvus corax,common raven,Aves,Passeriformes,Corvidae,Common_raven,existing
Corvus corone,carrion crow,Aves,Passeriformes,Corvidae,Carrion_crow,existing
Corvus frugilegus,rook,Aves,Passeriformes,Corvidae,Corvus_frugilegus,existing
Corvus monedula,western jackdaw,Aves,Passeriformes,Corvidae,Corvus_monedula,existing
Corvus moneduloides,new caledonian crow,Aves,Passeriformes,Corvidae,Corvus_moneduloides,existing
Coturnix japonica,japanese quail,Aves,Galliformes,Phasianidae,Japanese_quail,existing
Cuculus canorus,common cuckoo,Aves,Cuculiformes,Cuculidae,Common_cuckoo,existing
Cyanistes caeruleus,Eurasian blue tit,Aves,Passeriformes,Paridae,Eurasian_blue_tit,existing
Cyanocitta cristata,blue jay,Aves,Passeriformes,Corvidae,Blue_jay,existing
Cyanocitta stelleri,steller's jay,Aves,Passeriformes,Corvidae,Cyanocitta_stelleri,existing
Dryobates pubescens,hairy woodpecker,Aves,Piciformes,Picidae,Hairy_woodpecker,existing
Erithacus rubecula,european robin,Aves,Passeriformes,Muscicapidae,European_robin,existing
Forpus passerinus,green-rumped parrotlet,Aves,Psittaciformes,Psittacidae,Forpus_passerinus,existing
Fringilla coelebs,common chaffinch,Aves,Passeriformes,Fringillidae,Common_chaffinch,existing
Gallus gallus,red junglefowl / chicken,Aves,Galliformes,Phasianidae,Gallus_gallus,existing
Gallus gallus domesticus,domestic chick,Aves,Galliformes,Phasianidae,Gallus_gallus_domesticus,existing
Garrulus glandarius,eurasian jay,Aves,Passeriformes,Corvidae,Eurasian_jay,existing
Geospiza fortis,medium ground finch,Aves,Passeriformes,Thraupidae,Medium_ground_finch,existing
Geothlypis trichas,common yellowthroat,Aves,Passeriformes,Parulidae,Geothlypis_trichas,existing
Hirundo rustica,barn swallow,Aves,Passeriformes,Hirundinidae,Barn_swallow,existing
Junco hyemalis,dark-eyed junco,Aves,Passeriformes,Passerellidae,Dark-eyed_junco,existing
Lonchura striata domestica,bengalese finch,Aves,Passeriformes,Estrildidae,Bengalese_finch,existing
Luscinia megarhynchos,common nightingale,Aves,Passeriformes,Muscicapidae,Common_nightingale,existing
Manacus vitellinus,golden-collared manakin,Aves,Passeriformes,Pipridae,Manacus_vitellinus,existing
Melopsittacus undulatus,budgerigar,Aves,Psittaciformes,Psittaculidae,Budgerigar,existing
Melospiza melodia,song sparrow,Aves,Passeriformes,Passerellidae,Song_sparrow,existing
Mimus polyglottos,northern mockingbird,Aves,Passeriformes,Mimidae,Northern_mockingbird,existing
Nestor notabilis,kea,Aves,Psittaciformes,Psittacidae,Nestor_notabilis,existing
Nucifraga columbiana,Clark's nutcracker,Aves,Passeriformes,Corvidae,Clark's_nutcracker,existing
Parus major,great tit,Aves,Passeriformes,Paridae,Great_tit,existing
Parus minor,japanese tit,Aves,Passeriformes,Paridae,Japanese_tit,existing
Passer domesticus,house sparrow,Aves,Passeriformes,Passeridae,House_sparrow,existing
Pavo cristatus,Indian peafowl,Aves,Galliformes,Phasianidae,Indian_peafowl,existing
Phylloscopus collybita,common chiffchaff,Aves,Passeriformes,Phylloscopidae,Common_chiffchaff,existing
Phylloscopus trochilus,willow warbler,Aves,Passeriformes,Phylloscopidae,Willow_warbler,existing
Pica pica,eurasian magpie,Aves,Passeriformes,Corvidae,Eurasian_magpie,existing
Picoides pubescens,downy woodpecker,Aves,Piciformes,Picidae,Downy_woodpecker,existing
Poecile atricapillus,black-capped chickadee,Aves,Passeriformes,Paridae,Black-capped_chickadee,existing
Psittacus erithacus,african grey parrot,Aves,Psittaciformes,Psittacidae,Grey_parrot,existing
Pygoscelis adeliae,adélie penguin,Aves,Sphenisciformes,Spheniscidae,Pygoscelis_adeliae,existing
Quiscalus quiscula,common grackle,Aves,Passeriformes,Icteridae,Common_grackle,existing
Regulus regulus,goldcrest,Aves,Passeriformes,Regulidae,Goldcrest,existing
Serinus canaria,domestic canary,Aves,Passeriformes,Fringillidae,Domestic_canary,existing
Sitta europaea,eurasian nuthatch,Aves,Passeriformes,Sittidae,Eurasian_nuthatch,existing
Spheniscus demersus,african penguin,Aves,Sphenisciformes,Spheniscidae,Spheniscus_demersus,existing
Spheniscus humboldti,humboldt penguin,Aves,Sphenisciformes,Spheniscidae,Spheniscus_humboldti,existing
Strix occidentalis,spotted owl,Aves,Strigiformes,Strigidae,Strix_occidentalis,existing
Sturnus unicolor,spotless starling,Aves,Passeriformes,Sturnidae,Sturnus_unicolor,existing
Sturnus vulgaris,european starling,Aves,Passeriformes,Sturnidae,Common_starling,existing
Sylvia atricapilla,eurasian blackcap,Aves,Passeriformes,Sylviidae,Eurasian_blackcap,existing
Tachycineta bicolor,tree swallow,Aves,Passeriformes,Hirundinidae,Tree_swallow,existing
Taeniopygia guttata,zebra finch,Aves,Passeriformes,Estrildidae,Zebra_finch,existing
Toxostoma rufum,brown thrasher,Aves,Passeriformes,Mimidae,Brown_thrasher,existing
Turdoides bicolor,southern pied babbler,Aves,Passeriformes,Leiothrichidae,Turdoides_bicolor,existing
Turdus merula,common blackbird,Aves,Passeriformes,Turdidae,Common_blackbird,existing
Turdus migratorius,american robin,Aves,Passeriformes,Turdidae,Turdus_migratorius,existing
Turdus philomelos,song thrush,Aves,Passeriformes,Turdidae,Song_thrush,existing
Tympanuchus cupido,greater prairie chicken,Aves,Galliformes,Phasianidae,Tympanuchus_cupido,existing
Tyto alba,barn owl,Aves,Strigiformes,Tytonidae,Barn_owl,existing
Vidua chalybeata,village indigobird,Aves,Passeriformes,Viduidae,Vidua_chalybeata,existing
Zonotrichia leucophrys,white-crowned sparrow,Aves,Passeriformes,Passerellidae,White-crowned_sparrow,existing
Loligo vulgaris,european squid,Cephalopoda,Myopsida,Loliginidae,Loligo_vulgaris,existing
Octopus vulgaris,common octopus,Cephalopoda,Octopoda,Octopodidae,Common_octopus,existing
Sepia officinalis,common cuttlefish,Cephalopoda,Sepiida,Sepiidae,Common_cuttlefish,existing
Crocodylus porosus,saltwater crocodile,Crocodylia,,Crocodylidae,Crocodylus_porosus,existing
Acheta domesticus,house cricket,Insecta,Orthoptera,Gryllidae,House_cricket,existing
Aedes aegypti,yellow fever mosquito,Insecta,Diptera,Culicidae,Aedes_aegypti,existing
Anopheles gambiae,african malaria mosquito,Insecta,Diptera,Culicidae,Anopheles_gambiae,existing
Apis mellifera,honey bee,Insecta,Hymenoptera,Apidae,Western_honey_bee,existing
Bombus terrestris,buff-tailed bumblebee,Insecta,Hymenoptera,Apidae,Bombus_terrestris,existing
Chorthippus biguttulus,bow-winged grasshopper,Insecta,Orthoptera,Acrididae,Chorthippus_biguttulus,existing
Cicada orni,manna ash cicada,Insecta,Hemiptera,Cicadidae,Cicada_orni,existing
Drosophila melanogaster,fruit fly,Insecta,Diptera,Drosophilidae,Drosophila_melanogaster,existing
Ephippiger ephippiger,saddle-bearing bushcricket,Insecta,Orthoptera,Tettigoniidae,Ephippiger_ephippiger,existing
Galleria mellonella,greater wax moth,Insecta,Lepidoptera,Pyralidae,Galleria_mellonella,existing
Gryllus bimaculatus,field cricket,Insecta,Orthoptera,Gryllidae,Field_cricket,existing
Magicicada septendecim,17-year periodical cicada,Insecta,Hemiptera,Cicadidae,Magicicada,existing
Oecanthus pellucens,italian tree cricket,Insecta,Orthoptera,Gryllidae,Oecanthus_pellucens,existing
Schistocerca gregaria,desert locust,Insecta,Orthoptera,Acrididae,Desert_locust,existing
Teleogryllus oceanicus,pacific field cricket,Insecta,Orthoptera,Gryllidae,Pacific_field_cricket,existing
Tettigonia viridissima,great green bush-cricket,Insecta,Orthoptera,Tettigoniidae,Tettigonia_viridissima,existing
Acinonyx jubatus,cheetah,Mammalia,Carnivora,Felidae,Cheetah,existing
Alces alces,moose,Mammalia,Artiodactyla,Cervidae,Alces_alces,existing
Alouatta caraya,black howler monkey,Mammalia,Primates,Atelidae,Alouatta_caraya,existing
Alouatta palliata,mantled howler monkey,Mammalia,Primates,Atelidae,Mantled_howler,existing
Arctocephalus tropicalis,subantarctic fur seal,Mammalia,Carnivora,Otariidae,Arctocephalus_tropicalis,existing
Balaena mysticetus,bowhead whale,Mammalia,Cetacea,Balaenidae,Balaena_mysticetus,existing
Balaenoptera acutorostrata,common minke whale,Mammalia,Cetacea,Balaenopteridae,Common_minke_whale,existing
Balaenoptera musculus,blue whale,Mammalia,Cetacea,Balaenopteridae,Blue_whale,existing
Balaenoptera physalus,fin whale,Mammalia,Cetacea,Balaenopteridae,Fin_whale,existing
Bison bison,american bison,Mammalia,Artiodactyla,Bovidae,Bison_bison,existing
Bos taurus,domestic cattle,Mammalia,Artiodactyla,Bovidae,Cattle,existing
Callicebus nigrifrons,black-fronted titi monkey,Mammalia,Primates,Pitheciidae,Black-fronted_titi,existing
Callithrix jacchus,common marmoset,Mammalia,Primates,Callitrichidae,Common_marmoset,existing
Canis lupus,grey wolf,Mammalia,Carnivora,Canidae,Wolf,existing
Canis lupus familiaris,domestic dog,Mammalia,Carnivora,Canidae,Dog,existing
Capra hircus,domestic goat,Mammalia,Artiodactyla,Bovidae,Goat,existing
Capreolus capreolus,roe deer,Mammalia,Artiodactyla,Cervidae,Capreolus_capreolus,existing
Carollia perspicillata,Seba's short-tailed bat,Mammalia,Chiroptera,Phyllostomidae,Seba's_short-tailed_bat,existing
Castor canadensis,North American beaver,Mammalia,Rodentia,Castoridae,North_American_beaver,existing
Cavia porcellus,guinea pig,Mammalia,Rodentia,Caviidae,Guinea_pig,existing
Cebus capucinus,white-faced capuchin,Mammalia,Primates,Cebidae,Panamanian_white-faced_capuchin,existing
Cercocebus atys,sooty mangabey,Mammalia,Primates,Cercopithecidae,Sooty_mangabey,existing
Cercopithecus diana,diana monkey,Mammalia,Primates,Cercopithecidae,Cercopithecus_diana,existing
Cercopithecus mitis,blue monkey,Mammalia,Primates,Cercopithecidae,Blue_monkey,existing
Cercopithecus nictitans,putty-nosed monkey,Mammalia,Primates,Cercopithecidae,Cercopithecus_nictitans,existing
Cervus elaphus,red deer,Mammalia,Artiodactyla,Cervidae,Red_deer,existing
Chlorocebus pygerythrus,vervet monkey,Mammalia,Primates,Cercopithecidae,Vervet_monkey,existing
Crocuta crocuta,spotted hyena,Mammalia,Carnivora,Hyaenidae,Spotted_hyena,existing
Cynomys ludovicianus,black-tailed prairie dog,Mammalia,Rodentia,Sciuridae,Black-tailed_prairie_dog,existing
Dama dama,fallow deer,Mammalia,Artiodactyla,Cervidae,Dama_dama,existing
Delphinapterus leucas,beluga whale,Mammalia,Cetacea,Monodontidae,Beluga_whale,existing
Desmodus rotundus,common vampire bat,Mammalia,Chiroptera,Phyllostomidae,Common_vampire_bat,existing
Elephas maximus,asian elephant,Mammalia,Proboscidea,Elephantidae,Asian_elephant,existing
Eptesicus fuscus,big brown bat,Mammalia,Chiroptera,Vespertilionidae,Big_brown_bat,existing
Equus caballus,domestic horse,Mammalia,Perissodactyla,Equidae,Horse,existing
Eschrichtius robustus,gray whale,Mammalia,Cetacea,Eschrichtiidae,Eschrichtius_robustus,existing
Eubalaena glacialis,North Atlantic right whale,Mammalia,Cetacea,Balaenidae,North_Atlantic_right_whale,existing
Eulemur fulvus,common brown lemur,Mammalia,Primates,Lemuridae,Eulemur_fulvus,existing
Eumetopias jubatus,steller sea lion,Mammalia,Carnivora,Otariidae,Eumetopias_jubatus,existing
Felis catus,domestic cat,Mammalia,Carnivora,Felidae,Cat,existing
Galago senegalensis,senegal bushbaby,Mammalia,Primates,Galagidae,Galago_senegalensis,existing
Giraffa camelopardalis,giraffe,Mammalia,Artiodactyla,Giraffidae,Giraffa_camelopardalis,existing
Globicephala macrorhynchus,short-finned pilot whale,Mammalia,Cetacea,Delphinidae,Globicephala_macrorhynchus,existing
Globicephala melas,long-finned pilot whale,Mammalia,Cetacea,Delphinidae,Long-finned_pilot_whale,existing
Gorilla gorilla,western gorilla,Mammalia,Primates,Hominidae,Western_gorilla,existing
Halichoerus grypus,grey seal,Mammalia,Carnivora,Phocidae,Grey_seal,existing
Helogale parvula,common dwarf mongoose,Mammalia,Carnivora,Herpestidae,Helogale_parvula,existing
Heterocephalus glaber,naked mole-rat,Mammalia,Rodentia,Bathyergidae,Naked_mole-rat,existing
Hippopotamus amphibius,common hippopotamus,Mammalia,Artiodactyla,Hippopotamidae,Hippopotamus_amphibius,existing
Homo sapiens,human,Mammalia,Primates,Hominidae,Human,existing
Hylobates lar,lar gibbon,Mammalia,Primates,Hylobatidae,Lar_gibbon,existing
Indri indri,indri,Mammalia,Primates,Indriidae,Indri,existing
Lagenorhynchus obliquidens,pacific white-sided dolphin,Mammalia,Cetacea,Delphinidae,Lagenorhynchus_obliquidens,existing
Lemur catta,ring-tailed lemur,Mammalia,Primates,Lemuridae,Ring-tailed_lemur,existing
Leptonychotes weddellii,Weddell seal,Mammalia,Carnivora,Phocidae,Weddell_seal,existing
Loxodonta africana,african elephant,Mammalia,Proboscidea,Elephantidae,African_bush_elephant,existing
Loxodonta cyclotis,african forest elephant,Mammalia,Proboscidea,Elephantidae,Loxodonta_cyclotis,existing
Lycaon pictus,African wild dog,Mammalia,Carnivora,Canidae,African_wild_dog,existing
Macaca fascicularis,long-tailed macaque,Mammalia,Primates,Cercopithecidae,Macaca_fascicularis,existing
Macaca fuscata,japanese macaque,Mammalia,Primates,Cercopithecidae,Macaca_fuscata,existing
Macaca mulatta,rhesus macaque,Mammalia,Primates,Cercopithecidae,Rhesus_macaque,existing
Marmota flaviventris,yellow-bellied marmot,Mammalia,Rodentia,Sciuridae,Marmota_flaviventris,existing
Marmota marmota,alpine marmot,Mammalia,Rodentia,Sciuridae,Alpine_marmot,existing
Megaptera novaeangliae,humpback whale,Mammalia,Cetacea,Balaenopteridae,Humpback_whale,existing
Mephitis mephitis,striped skunk,Mammalia,Carnivora,Mephitidae,Striped_skunk,existing
Meriones unguiculatus,mongolian gerbil,Mammalia,Rodentia,Muridae,Meriones_unguiculatus,existing
Microcebus murinus,grey mouse lemur,Mammalia,Primates,Cheirogaleidae,Gray_mouse_lemur,existing
Mirounga angustirostris,northern elephant seal,Mammalia,Carnivora,Phocidae,Northern_elephant_seal,existing
Mirounga leonina,southern elephant seal,Mammalia,Carnivora,Phocidae,Mirounga_leonina,existing
Monodon monoceros,narwhal,Mammalia,Cetacea,Monodontidae,Narwhal,existing
Mus musculus,house mouse,Mammalia,Rodentia,Muridae,House_mouse,existing
Mustela putorius furo,domestic ferret,Mammalia,Carnivora,Mustelidae,Domestic_ferret,existing
Myotis daubentonii,daubenton's bat,Mammalia,Chiroptera,Vespertilionidae,Myotis_daubentonii,existing
Myotis lucifugus,little brown bat,Mammalia,Chiroptera,Vespertilionidae,Little_brown_bat,existing
Noctilio leporinus,greater bulldog bat,Mammalia,Chiroptera,Noctilionidae,Noctilio_leporinus,existing
Nomascus concolor,black crested gibbon,Mammalia,Primates,Hylobatidae,Western_black_crested_gibbon,existing
Octodon degus,common degu,Mammalia,Rodentia,Octodontidae,Octodon_degus,existing
Odobenus rosmarus,walrus,Mammalia,Carnivora,Odobenidae,Odobenus_rosmarus,existing
Orcinus orca,orca,Mammalia,Cetacea,Delphinidae,Killer_whale,existing
Ovis aries,domestic sheep,Mammalia,Artiodactyla,Bovidae,Sheep,existing
Pagophilus groenlandicus,harp seal,Mammalia,Carnivora,Phocidae,Pagophilus_groenlandicus,existing
Pan paniscus,bonobo,Mammalia,Primates,Hominidae,Bonobo,existing
Pan troglodytes,chimpanzee,Mammalia,Primates,Hominidae,Chimpanzee,existing
Panthera leo,lion,Mammalia,Carnivora,Felidae,Lion,existing
Panthera tigris,tiger,Mammalia,Carnivora,Felidae,Tiger,existing
Papio anubis,olive baboon,Mammalia,Primates,Cercopithecidae,Olive_baboon,existing
Papio ursinus,chacma baboon,Mammalia,Primates,Cercopithecidae,Papio_ursinus,existing
Petaurus breviceps,sugar glider,Mammalia,Diprotodontia,Petauridae,Petaurus_breviceps,existing
Phascolarctos cinereus,koala,Mammalia,Diprotodontia,Phascolarctidae,Koala,existing
Phoca vitulina,harbour seal,Mammalia,Carnivora,Phocidae,Harbour_seal,existing
Phocoena phocoena,harbour porpoise,Mammalia,Cetacea,Phocoenidae,Harbour_porpoise,existing
Phyllostomus discolor,pale spear-nosed bat,Mammalia,Chiroptera,Phyllostomidae,Phyllostomus_discolor,existing
Physeter macrocephalus,sperm whale,Mammalia,Cetacea,Physeteridae,Sperm_whale,existing
Pipistrellus pipistrellus,common pipistrelle,Mammalia,Chiroptera,Vespertilionidae,Common_pipistrelle,existing
Pongo abelii,sumatran orangutan,Mammalia,Primates,Hominidae,Pongo_abelii,existing
Pongo pygmaeus,bornean orangutan,Mammalia,Primates,Hominidae,Pongo_pygmaeus,existing
Propithecus coquereli,coquerel's sifaka,Mammalia,Primates,Indriidae,Propithecus_coquereli,existing
Pteropus poliocephalus,grey-headed flying fox,Mammalia,Chiroptera,Pteropodidae,Pteropus_poliocephalus,existing
Pteropus vampyrus,large flying fox,Mammalia,Chiroptera,Pteropodidae,Large_flying_fox,existing
Rangifer tarandus,reindeer,Mammalia,Artiodactyla,Cervidae,Reindeer,existing
Rattus norvegicus,norway rat,Mammalia,Rodentia,Muridae,Brown_rat,existing
Rhinolophus ferrumequinum,greater horseshoe bat,Mammalia,Chiroptera,Rhinolophidae,Greater_horseshoe_bat,existing
Rousettus aegyptiacus,Egyptian fruit bat,Mammalia,Chiroptera,Pteropodidae,Egyptian_fruit_bat,existing
Saccopteryx bilineata,greater sac-winged bat,Mammalia,Chiroptera,Emballonuridae,Greater_sac-winged_bat,existing
Saguinus oedipus,cotton-top tamarin,Mammalia,Primates,Callitrichidae,Saguinus_oedipus,existing
Saimiri sciureus,squirrel monkey,Mammalia,Primates,Cebidae,Common_squirrel_monkey,existing
Sarcophilus harrisii,tasmanian devil,Mammalia,Dasyuromorphia,Dasyuridae,Sarcophilus_harrisii,existing
Sciurus carolinensis,eastern gray squirrel,Mammalia,Rodentia,Sciuridae,Sciurus_carolinensis,existing
Scotinomys teguina,Alston's singing mouse,Mammalia,Rodentia,Cricetidae,Alston's_singing_mouse,existing
Sousa chinensis,Indo-Pacific humpback dolphin,Mammalia,Cetacea,Delphinidae,Indo-Pacific_humpback_dolphin,existing
Spermophilus beecheyi,california ground squirrel,Mammalia,Rodentia,Sciuridae,California_ground_squirrel,existing
Stenella frontalis,Atlantic spotted dolphin,Mammalia,Cetacea,Delphinidae,Atlantic_spotted_dolphin,existing
Stenella longirostris,spinner dolphin,Mammalia,Cetacea,Delphinidae,Stenella_longirostris,existing
Suricata suricatta,meerkat,Mammalia,Carnivora,Herpestidae,Meerkat,existing
Sus scrofa domesticus,domestic pig,Mammalia,Artiodactyla,Suidae,Domestic_pig,existing
Symphalangus syndactylus,siamang,Mammalia,Primates,Hylobatidae,Symphalangus_syndactylus,existing
Tadarida brasiliensis,mexican free-tailed bat,Mammalia,Chiroptera,Molossidae,Mexican_free-tailed_bat,existing
Tapirus terrestris,lowland tapir,Mammalia,Perissodactyla,Tapiridae,Tapirus_terrestris,existing
Tarsius syrichta,philippine tarsier,Mammalia,Primates,Tarsiidae,Tarsius_syrichta,existing
Tarsius tarsier,spectral tarsier,Mammalia,Primates,Tarsiidae,Spectral_tarsier,existing
Theropithecus gelada,gelada,Mammalia,Primates,Cercopithecidae,Gelada,existing
Trichosurus vulpecula,common brushtail possum,Mammalia,Diprotodontia,Phalangeridae,Trichosurus_vulpecula,existing
Tursiops aduncus,indo-pacific bottlenose dolphin,Mammalia,Cetacea,Delphinidae,Tursiops_aduncus,existing
Tursiops truncatus,bottlenose dolphin,Mammalia,Cetacea,Delphinidae,Common_bottlenose_dolphin,existing
Urocitellus beldingi,belding's ground squirrel,Mammalia,Rodentia,Sciuridae,Urocitellus_beldingi,existing
Ursus americanus,american black bear,Mammalia,Carnivora,Ursidae,Ursus_americanus,existing
Ursus arctos,brown bear,Mammalia,Carnivora,Ursidae,Brown_bear,existing
Vulpes vulpes,red fox,Mammalia,Carnivora,Canidae,Red_fox,existing
Zalophus californianus,California sea lion,Mammalia,Carnivora,Otariidae,California_sea_lion,existing
Alligator mississippiensis,American alligator,Reptilia,Crocodilia,Alligatoridae,American_alligator,existing
Anolis carolinensis,green anole,Reptilia,Squamata,Dactyloidae,Green_anole,existing
Chelonia mydas,green sea turtle,Reptilia,Testudines,Cheloniidae,Green_sea_turtle,existing
Crocodylus niloticus,nile crocodile,Reptilia,Crocodilia,Crocodylidae,Nile_crocodile,existing
Crotaphytus collaris,eastern collared lizard,Reptilia,Squamata,Crotaphytidae,Eastern_collared_lizard,existing
Iguana iguana,green iguana,Reptilia,Squamata,Iguanidae,Green_iguana,existing
Gekko gecko,tokay gecko,Squamata,,Gekkonidae,Gekko_gecko,existing
Caretta caretta,loggerhead sea turtle,Testudines,,Cheloniidae,Caretta_caretta,existing
Amphiprion clarkii,clark's anemonefish,,Perciformes,Pomacentridae,Amphiprion_clarkii,existing
Halobatrachus didactylus,lusitanian toadfish,,Batrachoidiformes,Batrachoididae,Halobatrachus_didactylus,existing
Opsanus tau,oyster toadfish,,Batrachoidiformes,Batrachoididae,Opsanus_tau,existing
Pomacentrus partitus,bicolor damselfish,,Perciformes,Pomacentridae,Pomacentrus_partitus,existing
Thryothorus ludovicianus,Carolina Wren,Aves,Passeriformes,Troglodytidae,Thryothorus_ludovicianus,gbif
Troglodytes troglodytes,Eurasian Wren,Aves,Passeriformes,Troglodytidae,Troglodytes_troglodytes,gbif
Strix aluco,Tawny Owl,Aves,Strigiformes,Strigidae,Strix_aluco,gbif
Loxia curvirostra,Red Crossbill,Aves,Passeriformes,Fringillidae,Loxia_curvirostra,gbif
Chloris chloris,European Greenfinch,Aves,Passeriformes,Fringillidae,Chloris_chloris,gbif
Dendrocopos major,Great Spotted Woodpecker,Aves,Piciformes,Picidae,Dendrocopos_major,gbif
Sylvia communis,Greater Whitethroat,Aves,Passeriformes,Sylviidae,Sylvia_communis,gbif
Corvus cornix,Hooded Crow,Aves,Passeriformes,Corvidae,Corvus_cornix,gbif
Periparus ater,Coal Tit,Aves,Passeriformes,Paridae,Periparus_ater,gbif
Oriolus oriolus,Eurasian Golden Oriole,Aves,Passeriformes,Oriolidae,Oriolus_oriolus,gbif
Emberiza citrinella,Yellowhammer,Aves,Passeriformes,Emberizidae,Emberiza_citrinella,gbif
Baeolophus bicolor,Tufted Titmouse,Aves,Passeriformes,Paridae,Baeolophus_bicolor,gbif
Troglodytes aedon,House Wren,Aves,Passeriformes,Troglodytidae,Troglodytes_aedon,gbif
Rallus aquaticus,Water Rail,Aves,Gruiformes,Rallidae,Rallus_aquaticus,gbif
Bubo virginianus,Great Horned Owl,Aves,Strigiformes,Strigidae,Bubo_virginianus,gbif
Pipilo maculatus,Spotted Towhee,Aves,Passeriformes,Passerellidae,Pipilo_maculatus,gbif
Dryocopus martius,Black Woodpecker,Aves,Piciformes,Picidae,Dryocopus_martius,gbif
Vireo olivaceus,Red-eyed Vireo,Aves,Passeriformes,Vireonidae,Vireo_olivaceus,gbif
Dumetella carolinensis,Gray Catbird,Aves,Passeriformes,Mimidae,Dumetella_carolinensis,gbif
Strix varia,Barred Owl,Aves,Strigiformes,Strigidae,Strix_varia,gbif
Cettia cetti,Cetti's Warbler,Aves,Passeriformes,Cettiidae,Cettia_cetti,gbif
Sylvia curruca,Lesser Whitethroat,Aves,Passeriformes,Sylviidae,Sylvia_curruca,gbif
Pipilo erythrophthalmus,Eastern Towhee,Aves,Passeriformes,Passerellidae,Pipilo_erythrophthalmus,gbif
Prunella modularis,Dunnock,Aves,Passeriformes,Prunellidae,Prunella_modularis,gbif
Haemorhous mexicanus,House Finch,Aves,Passeriformes,Fringillidae,Haemorhous_mexicanus,gbif
Anthus trivialis,Tree Pipit,Aves,Passeriformes,Motacillidae,Anthus_trivialis,gbif
Sylvia borin,Garden Warbler,Aves,Passeriformes,Sylviidae,Sylvia_borin,gbif
Colaptes auratus,Northern Flicker,Aves,Piciformes,Picidae,Colaptes_auratus,gbif
Turdus iliacus,Redwing,Aves,Passeriformes,Turdidae,Turdus_iliacus,gbif
Dryophytes versicolor,Gray Treefrog,Amphibia,Anura,Hylidae,Dryophytes_versicolor,gbif
Emberiza calandra,corn bunting,Aves,Passeriformes,Emberizidae,Emberiza_calandra,gbif
Luscinia luscinia,Thrush Nightingale,Aves,Passeriformes,Muscicapidae,Luscinia_luscinia,gbif
Vireo griseus,White-eyed Vireo,Aves,Passeriformes,Vireonidae,Vireo_griseus,gbif
Hylocichla mustelina,Wood Thrush,Aves,Passeriformes,Turdidae,Hylocichla_mustelina,gbif
Hippolais icterina,Icterine Warbler,Aves,Passeriformes,Acrocephalidae,Hippolais_icterina,gbif
Gallinula chloropus,Eurasian Moorhen,Aves,Gruiformes,Rallidae,Gallinula_chloropus,gbif
Pseudacris maculata,Boreal Chorus Frog,Amphibia,Anura,Hylidae,Pseudacris_maculata,gbif
Phoenicurus phoenicurus,Common Redstart,Aves,Passeriformes,Muscicapidae,Phoenicurus_phoenicurus,gbif
Poecile palustris,Marsh Tit,Aves,Passeriformes,Paridae,Poecile_palustris,gbif
Serinus serinus,European Serin,Aves,Passeriformes,Fringillidae,Serinus_serinus,gbif
Thryomanes bewickii,Bewick's Wren,Aves,Passeriformes,Troglodytidae,Thryomanes_bewickii,gbif
Acrocephalus schoenobaenus,Sedge Warbler,Aves,Passeriformes,Acrocephalidae,Acrocephalus_schoenobaenus,gbif
Fulica atra,Eurasian Coot,Aves,Gruiformes,Rallidae,Fulica_atra,gbif
Phylloscopus sibillatrix,Wood Warbler,Aves,Passeriformes,Phylloscopidae,Phylloscopus_sibillatrix,gbif
Coturnix coturnix,Common Quail,Aves,Galliformes,Phasianidae,Coturnix_coturnix,gbif
Picus viridis,Eurasian Green Woodpecker,Aves,Piciformes,Picidae,Picus_viridis,gbif
Melanerpes carolinus,Red-bellied Woodpecker,Aves,Piciformes,Picidae,Melanerpes_carolinus,gbif
Pseudacris regilla,Pacific chorus frog,Amphibia,Anura,Hylidae,Pseudacris_regilla,gbif
Phoenicurus ochruros,Black Redstart,Aves,Passeriformes,Muscicapidae,Phoenicurus_ochruros,gbif
Regulus ignicapilla,Firecrest,Aves,Passeriformes,Regulidae,Regulus_ignicapilla,gbif
Motacilla flava,Western Yellow Wagtail,Aves,Passeriformes,Motacillidae,Motacilla_flava,gbif
Athene noctua,Little Owl,Aves,Strigiformes,Strigidae,Athene_noctua,gbif
Passer montanus,Eurasian Tree Sparrow,Aves,Passeriformes,Passeridae,Passer_montanus,gbif
Asio otus,Long-eared Owl,Aves,Strigiformes,Strigidae,Asio_otus,gbif
Acrocephalus dumetorum,Blyth's Reed Warbler,Aves,Passeriformes,Acrocephalidae,Acrocephalus_dumetorum,gbif
Pyrrhula pyrrhula,Eurasian Bullfinch,Aves,Passeriformes,Fringillidae,Pyrrhula_pyrrhula,gbif
Columba palumbus,Common Wood-Pigeon,Aves,Columbiformes,Columbidae,Columba_palumbus,gbif
Linaria cannabina,Eurasian Linnet,Aves,Passeriformes,Fringillidae,Linaria_cannabina,gbif
Zonotrichia albicollis,White-throated Sparrow,Aves,Passeriformes,Passerellidae,Zonotrichia_albicollis,gbif
Emberiza schoeniclus,Reed Bunting,Aves,Passeriformes,Emberizidae,Emberiza_schoeniclus,gbif
Caprimulgus europaeus,Eurasian Nightjar,Aves,Caprimulgiformes,Caprimulgidae,Caprimulgus_europaeus,gbif
Spinus tristis,American Goldfinch,Aves,Passeriformes,Fringillidae,Spinus_tristis,gbif
Locustella naevia,Common Grasshopper-Warbler,Aves,Passeriformes,Locustellidae,Locustella_naevia,gbif
Spinus spinus,Eurasian Siskin,Aves,Passeriformes,Fringillidae,Spinus_spinus,gbif
Buteo lineatus,Red-shouldered/Broad-winged Hawk,Aves,Accipitriformes,Accipitridae,Buteo_lineatus,gbif
Crinia signifera,Brown Froglet,Amphibia,Anura,Myobatrachidae,Crinia_signifera,gbif
Coccothraustes coccothraustes,Hawfinch,Aves,Passeriformes,Fringillidae,Coccothraustes_coccothraustes,gbif
Otus scops,European Scops-Owl,Aves,Strigiformes,Strigidae,Otus_scops,gbif
Grus grus,Common Crane,Aves,Gruiformes,Gruidae,Grus_grus,gbif
Turdus viscivorus,Mistle Thrush,Aves,Passeriformes,Turdidae,Turdus_viscivorus,gbif
Catharus guttatus,Hermit Thrush,Aves,Passeriformes,Turdidae,Catharus_guttatus,gbif
Sitta carolinensis,White-breasted Nuthatch,Aves,Passeriformes,Sittidae,Sitta_carolinensis,gbif
Certhia brachydactyla,Short-toed Treecreeper,Aves,Passeriformes,Certhiidae,Certhia_brachydactyla,gbif
Catharus ustulatus,Swainson's Thrush,Aves,Passeriformes,Turdidae,Catharus_ustulatus,gbif
Seiurus aurocapilla,Ovenbird,Aves,Passeriformes,Parulidae,Seiurus_aurocapilla,gbif
Actitis hypoleucos,Common Sandpiper,Aves,Charadriiformes,Scolopacidae,Actitis_hypoleucos,gbif
Lullula arborea,Wood Lark,Aves,Passeriformes,Alaudidae,Lullula_arborea,gbif
Streptopelia decaocto,Eurasian Collared-Dove,Aves,Columbiformes,Columbidae,Streptopelia_decaocto,gbif
Emberiza hortulana,Ortolan Bunting,Aves,Passeriformes,Emberizidae,Emberiza_hortulana,gbif
Poecile carolinensis,Carolina Chickadee,Aves,Passeriformes,Paridae,Poecile_carolinensis,gbif
Crex crex,Corn Crake,Aves,Gruiformes,Rallidae,Crex_crex,gbif
Coloeus monedula,Western Jackdaw,Aves,Passeriformes,Corvidae,Coloeus_monedula,gbif
Lithobates sylvaticus,Wood Frog,Amphibia,Anura,Ranidae,Lithobates_sylvaticus,gbif
Numenius arquata,Eurasian Curlew,Aves,Charadriiformes,Scolopacidae,Numenius_arquata,gbif
Turdus pilaris,Fieldfare,Aves,Passeriformes,Turdidae,Turdus_pilaris,gbif
Ficedula hypoleuca,European Pied Flycatcher,Aves,Passeriformes,Muscicapidae,Ficedula_hypoleuca,gbif
Poecile montanus,Willow Tit,Aves,Passeriformes,Paridae,Poecile_montanus,gbif
Locustella luscinioides,Savi's Warbler,Aves,Passeriformes,Locustellidae,Locustella_luscinioides,gbif
Gallinago gallinago,Common Snipe,Aves,Charadriiformes,Scolopacidae,Gallinago_gallinago,gbif
Anaxyrus americanus,American Toad,Amphibia,Anura,Bufonidae,Anaxyrus_americanus,gbif
Motacilla alba,White Wagtail,Aves,Passeriformes,Motacillidae,Motacilla_alba,gbif
Buteo buteo,Common Buzzard,Aves,Accipitriformes,Accipitridae,Buteo_buteo,gbif
Passerina cyanea,Indigo Bunting,Aves,Passeriformes,Cardinalidae,Passerina_cyanea,gbif
Contopus virens,Eastern Wood-Pewee,Aves,Passeriformes,Tyrannidae,Contopus_virens,gbif
Tachybaptus ruficollis,Little Grebe,Aves,Podicipediformes,Podicipedidae,Tachybaptus_ruficollis,gbif
Muscicapa striata,Spotted Flycatcher,Aves,Passeriformes,Muscicapidae,Muscicapa_striata,gbif
Botaurus stellaris,Great Bittern,Aves,Pelecaniformes,Ardeidae,Botaurus_stellaris,gbif
Myiarchus crinitus,Great Crested Flycatcher,Aves,Passeriformes,Tyrannidae,Myiarchus_crinitus,gbif
Setophaga americana,Northern Parula,Aves,Passeriformes,Parulidae,Setophaga_americana,gbif
Charadrius vociferus,Killdeer,Aves,Charadriiformes,Charadriidae,Charadrius_vociferus,gbif
Corvus ossifragus,Fish Crow,Aves,Passeriformes,Corvidae,Corvus_ossifragus,gbif
Ardea cinerea,Gray/Purple Heron,Aves,Pelecaniformes,Ardeidae,Ardea_cinerea,gbif
Spizella passerina,Chipping Sparrow,Aves,Passeriformes,Passerellidae,Spizella_passerina,gbif
Tringa ochropus,Green Sandpiper,Aves,Charadriiformes,Scolopacidae,Tringa_ochropus,gbif
Luscinia svecica,Bluethroat,Aves,Passeriformes,Muscicapidae,Luscinia_svecica,gbif
Lophophanes cristatus,Crested Tit,Aves,Passeriformes,Paridae,Lophophanes_cristatus,gbif
Setophaga aestiva,American Yellow Warbler,Aves,Passeriformes,Parulidae,Setophaga_aestiva,gbif
Vireo gilvus,Warbling Vireo,Aves,Passeriformes,Vireonidae,Vireo_gilvus,gbif
Spizella pusilla,Field Sparrow,Aves,Passeriformes,Passerellidae,Spizella_pusilla,gbif
Dryophytes chrysoscelis,Cope's Gray Treefrog,Amphibia,Anura,Hylidae,Dryophytes_chrysoscelis,gbif
Pitangus sulphuratus,Great Kiskadee,Aves,Passeriformes,Tyrannidae,Pitangus_sulphuratus,gbif
Sitta canadensis,Red-breasted Nuthatch,Aves,Passeriformes,Sittidae,Sitta_canadensis,gbif
Dryocopus pileatus,Pileated Woodpecker,Aves,Piciformes,Picidae,Dryocopus_pileatus,gbif
Certhia familiaris,Eurasian Treecreeper,Aves,Passeriformes,Certhiidae,Certhia_familiaris,gbif
Tringa totanus,Common Redshank,Aves,Charadriiformes,Scolopacidae,Tringa_totanus,gbif
Zenaida macroura,Mourning Dove,Aves,Columbiformes,Columbidae,Zenaida_macroura,gbif
Chroicocephalus ridibundus,Black-headed Gull,Aves,Charadriiformes,Laridae,Chroicocephalus_ridibundus,gbif
Pterophylla camellifolia,Common True Katydid,Insecta,Orthoptera,Tettigoniidae,Pterophylla_camellifolia,gbif
Haematopus ostralegus,Eurasian Oystercatcher,Aves,Charadriiformes,Haematopodidae,Haematopus_ostralegus,gbif
Cisticola juncidis,Zitting Cisticola,Aves,Passeriformes,Cisticolidae,Cisticola_juncidis,gbif
Piranga rubra,Summer Tanager,Aves,Passeriformes,Cardinalidae,Piranga_rubra,gbif
Phylloscopus inornatus,Yellow-browed Warbler,Aves,Passeriformes,Phylloscopidae,Phylloscopus_inornatus,gbif
Sayornis phoebe,Eastern Phoebe,Aves,Passeriformes,Tyrannidae,Sayornis_phoebe,gbif
Regulus calendula,Ruby-crowned Kinglet,Aves,Passeriformes,Regulidae,Regulus_calendula,gbif
Setophaga ruticilla,American Redstart,Aves,Passeriformes,Parulidae,Setophaga_ruticilla,gbif
Vanellus vanellus,Northern Lapwing,Aves,Charadriiformes,Charadriidae,Vanellus_vanellus,gbif
Catharus fuscescens,Veery,Aves,Passeriformes,Turdidae,Catharus_fuscescens,gbif
Dendrocoptes medius,Middle Spotted Woodpecker,Aves,Piciformes,Picidae,Dendrocoptes_medius,gbif
Canis latrans,coyote,Mammalia,Carnivora,Canidae,Canis_latrans,gbif
Numenius phaeopus,Whimbrel,Aves,Charadriiformes,Scolopacidae,Numenius_phaeopus,gbif
Pluvialis apricaria,European Golden-Plover,Aves,Charadriiformes,Charadriidae,Pluvialis_apricaria,gbif
Carpodacus erythrinus,Common Rosefinch,Aves,Passeriformes,Fringillidae,Carpodacus_erythrinus,gbif
Polioptila caerulea,Blue-gray Gnatcatcher,Aves,Passeriformes,Polioptilidae,Polioptila_caerulea,gbif
Scolopax minor,American Woodcock,Aves,Charadriiformes,Scolopacidae,Scolopax_minor,gbif
Setophaga coronata,Yellow-rumped Warbler,Aves,Passeriformes,Parulidae,Setophaga_coronata,gbif
Tringa nebularia,Common Greenshank,Aves,Charadriiformes,Scolopacidae,Tringa_nebularia,gbif
Cistothorus palustris,Marsh Wren,Aves,Passeriformes,Troglodytidae,Cistothorus_palustris,gbif
Curruca melanocephala,Sardinian Warbler,Aves,Passeriformes,Sylviidae,Curruca_melanocephala,gbif
Lithobates clamitans,Green Frog,Amphibia,Anura,Ranidae,Lithobates_clamitans,gbif
Jynx torquilla,Eurasian Wryneck,Aves,Piciformes,Picidae,Jynx_torquilla,gbif
Porzana porzana,Spotted Crake,Aves,Gruiformes,Rallidae,Porzana_porzana,gbif
Nycticorax nycticorax,Black-crowned Night-Heron,Aves,Pelecaniformes,Ardeidae,Nycticorax_nycticorax,gbif
Acanthis flammea,Common Redpoll,Aves,Passeriformes,Fringillidae,Acanthis_flammea,gbif
Anser anser,Graylag Goose,Aves,Anseriformes,Anatidae,Anser_anser,gbif
Psittacula krameri,Rose-ringed Parakeet,Aves,Psittaciformes,Psittacidae,Psittacula_krameri,gbif
Antrostomus vociferus,Eastern Whip-poor-will,Aves,Caprimulgiformes,Caprimulgidae,Antrostomus_vociferus,gbif
Antrostomus carolinensis,Chuck-will's-widow,Aves,Caprimulgiformes,Caprimulgidae,Antrostomus_carolinensis,gbif
Leuconotopicus villosus,Hairy Woodpecker,Aves,Piciformes,Picidae,Leuconotopicus_villosus,gbif
Sturnella neglecta,Western Meadowlark,Aves,Passeriformes,Icteridae,Sturnella_neglecta,gbif
Setophaga citrina,Hooded Warbler,Aves,Passeriformes,Parulidae,Setophaga_citrina,gbif
Troglodytes pacificus,Pacific Wren,Aves,Passeriformes,Troglodytidae,Troglodytes_pacificus,gbif
Setophaga pinus,Pine Warbler,Aves,Passeriformes,Parulidae,Setophaga_pinus,gbif
Fringilla montifringilla,Brambling,Aves,Passeriformes,Fringillidae,Fringilla_montifringilla,gbif
Colluricincla harmonica,Gray Shrikethrush,Aves,Passeriformes,Pachycephalidae,Colluricincla_harmonica,gbif
Dryobates minor,Lesser Spotted Woodpecker,Aves,Piciformes,Picidae,Dryobates_minor,gbif
Troglodytes hiemalis,Winter Wren,Aves,Passeriformes,Troglodytidae,Troglodytes_hiemalis,gbif
Dryophytes cinereus,Green Treefrog,Amphibia,Anura,Hylidae,Dryophytes_cinereus,gbif
Regulus satrapa,Golden-crowned Kinglet,Aves,Passeriformes,Regulidae,Regulus_satrapa,gbif
Quiscalus mexicanus,Great-tailed Grackle,Aves,Passeriformes,Icteridae,Quiscalus_mexicanus,gbif
Pholidoptera griseoaptera,Dark Bush Cricket,Insecta,Orthoptera,Tettigoniidae,Pholidoptera_griseoaptera,gbif
Grus canadensis,Sandhill crane,Aves,Gruiformes,Gruidae,Grus_canadensis,gbif
Alcedo atthis,Common Kingfisher,Aves,Coraciiformes,Alcedinidae,Alcedo_atthis,gbif
Setophaga virens,Black-throated Green Warbler,Aves,Passeriformes,Parulidae,Setophaga_virens,gbif
Merops apiaster,European Bee-eater,Aves,Coraciiformes,Meropidae,Merops_apiaster,gbif
Motacilla cinerea,Gray Wagtail,Aves,Passeriformes,Motacillidae,Motacilla_cinerea,gbif
Mniotilta varia,Black-and-white Warbler,Aves,Passeriformes,Parulidae,Mniotilta_varia,gbif
Gryllus campestris,Field Cricket,Insecta,Orthoptera,Gryllidae,Gryllus_campestris,gbif
Spinus psaltria,Lesser Goldfinch,Aves,Passeriformes,Fringillidae,Spinus_psaltria,gbif
Emberiza cirlus,Cirl Bunting,Aves,Passeriformes,Emberizidae,Emberiza_cirlus,gbif
Hippolais polyglotta,Melodious Warbler,Aves,Passeriformes,Acrocephalidae,Hippolais_polyglotta,gbif
Locustella fluviatilis,Eurasian River Warbler,Aves,Passeriformes,Locustellidae,Locustella_fluviatilis,gbif
Phylloscopus trochiloides,Greenish Warbler,Aves,Passeriformes,Phylloscopidae,Phylloscopus_trochiloides,gbif
Sturnella magna,Eastern Meadowlark,Aves,Passeriformes,Icteridae,Sturnella_magna,gbif
Calidris alpina,Dunlin,Aves,Charadriiformes,Scolopacidae,Calidris_alpina,gbif
Icterus galbula,Baltimore Oriole,Aves,Passeriformes,Icteridae,Icterus_galbula,gbif
Upupa epops,Eurasian Hoopoe,Aves,Bucerotiformes,Upupidae,Upupa_epops,gbif
Piranga olivacea,Scarlet Tanager,Aves,Passeriformes,Cardinalidae,Piranga_olivacea,gbif
Phasianus colchicus,Ring-necked Pheasant,Aves,Galliformes,Phasianidae,Phasianus_colchicus,gbif
Certhia americana,Brown Creeper,Aves,Passeriformes,Certhiidae,Certhia_americana,gbif
Nyctidromus albicollis,Common Pauraque,Aves,Caprimulgiformes,Caprimulgidae,Nyctidromus_albicollis,gbif
Phylloscopus ibericus,Iberian Chiffchaff,Aves,Passeriformes,Phylloscopidae,Phylloscopus_ibericus,gbif
Megascops asio,Eastern Screech-Owl,Aves,Strigiformes,Strigidae,Megascops_asio,gbif
Ficedula parva,Red-breasted Flycatcher,Aves,Passeriformes,Muscicapidae,Ficedula_parva,gbif
Eudynamys scolopaceus,Asian Koel,Aves,Cuculiformes,Cuculidae,Eudynamys_scolopaceus,gbif
Anas crecca,Green-winged Teal,Aves,Anseriformes,Anatidae,Anas_crecca,gbif
Turdus torquatus,Ring Ouzel,Aves,Passeriformes,Turdidae,Turdus_torquatus,gbif
Parkesia noveboracensis,Northern Waterthrush,Aves,Passeriformes,Parulidae,Parkesia_noveboracensis,gbif
Icteria virens,Yellow-breasted Chat,Aves,Passeriformes,Parulidae,Icteria_virens,gbif
Saxicola rubicola,European Stonechat,Aves,Passeriformes,Muscicapidae,Saxicola_rubicola,gbif
Charadrius hiaticula,Common Ringed Plover,Aves,Charadriiformes,Charadriidae,Charadrius_hiaticula,gbif
Zonotrichia capensis,Rufous-collared Sparrow,Aves,Passeriformes,Passerellidae,Zonotrichia_capensis,gbif
Falco tinnunculus,Eurasian Kestrel,Aves,Falconiformes,Falconidae,Falco_tinnunculus,gbif
Scolopax rusticola,Eurasian Woodcock,Aves,Charadriiformes,Scolopacidae,Scolopax_rusticola,gbif
Henicorhina leucophrys,Gray-breasted Wood-Wren,Aves,Passeriformes,Troglodytidae,Henicorhina_leucophrys,gbif
Anser albifrons,Greater White-fronted Goose,Aves,Anseriformes,Anatidae,Anser_albifrons,gbif
Vireo solitarius,Blue-headed Vireo,Aves,Passeriformes,Vireonidae,Vireo_solitarius,gbif
Delichon urbicum,Common House-Martin,Aves,Passeriformes,Hirundinidae,Delichon_urbicum,gbif
Parkesia motacilla,Louisiana Waterthrush,Aves,Passeriformes,Parulidae,Parkesia_motacilla,gbif
Picus canus,Gray-headed Woodpecker,Aves,Piciformes,Picidae,Picus_canus,gbif
Acris blanchardi,Blanchard's Cricket Frog,Amphibia,Anura,Hylidae,Acris_blanchardi,gbif
Phylloscopus humei,Hume's Warbler,Aves,Passeriformes,Phylloscopidae,Phylloscopus_humei,gbif
Ramphastos ambiguus,Yellow-throated Toucan,Aves,Piciformes,Ramphastidae,Ramphastos_ambiguus,gbif
Tringa glareola,Wood Sandpiper,Aves,Charadriiformes,Scolopacidae,Tringa_glareola,gbif
Leiothlypis peregrina,Tennessee Warbler,Aves,Passeriformes,Parulidae,Leiothlypis_peregrina,gbif
Megaceryle alcyon,Belted Kingfisher,Aves,Coraciiformes,Alcedinidae,Megaceryle_alcyon,gbif
Leiothlypis celata,Orange-crowned Warbler,Aves,Passeriformes,Parulidae,Leiothlypis_celata,gbif
Phylloscopus bonelli,Western Bonelli's Warbler,Aves,Passeriformes,Phylloscopidae,Phylloscopus_bonelli,gbif
Tamias striatus,eastern chipmunk,Mammalia,Rodentia,Sciuridae,Tamias_striatus,gbif
Pipistrellus nathusii,Nathusius's Bat,Mammalia,Chiroptera,Vespertilionidae,Pipistrellus_nathusii,gbif
Molothrus ater,Brown-headed Cowbird,Aves,Passeriformes,Icteridae,Molothrus_ater,gbif
Anthus spinoletta,Water Pipit,Aves,Passeriformes,Motacillidae,Anthus_spinoletta,gbif
Pandion haliaetus,Osprey,Aves,Accipitriformes,Pandionidae,Pandion_haliaetus,gbif
Charadrius dubius,Little Ringed Plover,Aves,Charadriiformes,Charadriidae,Charadrius_dubius,gbif
Mareca penelope,Eurasian Wigeon,Aves,Anseriformes,Anatidae,Mareca_penelope,gbif
Pheucticus ludovicianus,Rose-breasted Grosbeak,Aves,Passeriformes,Cardinalidae,Pheucticus_ludovicianus,gbif
Chordeiles minor,Common Nighthawk,Aves,Caprimulgiformes,Caprimulgidae,Chordeiles_minor,gbif
Burhinus oedicnemus,Eurasian Thick-knee,Aves,Charadriiformes,Burhinidae,Burhinus_oedicnemus,gbif
Spinus pinus,Pine Siskin,Aves,Passeriformes,Fringillidae,Spinus_pinus,gbif
Sterna hirundo,Common Tern,Aves,Charadriiformes,Laridae,Sterna_hirundo,gbif
Rupornis magnirostris,Roadside Hawk,Aves,Accipitriformes,Accipitridae,Rupornis_magnirostris,gbif
Cyclarhis gujanensis,Rufous-browed Peppershrike,Aves,Passeriformes,Vireonidae,Cyclarhis_gujanensis,gbif
Bombycilla cedrorum,Cedar Waxwing,Aves,Passeriformes,Bombycillidae,Bombycilla_cedrorum,gbif
Anthornis melanura,New Zealand Bellbird,Aves,Passeriformes,Meliphagidae,Anthornis_melanura,gbif
Streptopelia turtur,European Turtle-Dove,Aves,Columbiformes,Columbidae,Streptopelia_turtur,gbif
Cygnus cygnus,Whooper Swan,Aves,Anseriformes,Anatidae,Cygnus_cygnus,gbif
Empidonax difficilis,Pacific-slope Flycatcher,Aves,Passeriformes,Tyrannidae,Empidonax_difficilis,gbif
Cardellina pusilla,Wilson's Warbler,Aves,Passeriformes,Parulidae,Cardellina_pusilla,gbif
Pheucticus melanocephalus,Black-headed Grosbeak,Aves,Passeriformes,Cardinalidae,Pheucticus_melanocephalus,gbif
Calypte anna,Anna's Hummingbird,Aves,Apodiformes,Trochilidae,Calypte_anna,gbif
Ninox boobook,Southern Boobook,Aves,Strigiformes,Strigidae,Ninox_boobook,gbif
Toxostoma curvirostre,Curve-billed Thrasher,Aves,Passeriformes,Mimidae,Toxostoma_curvirostre,gbif
Buteo jamaicensis,Red-tailed Hawk,Aves,Accipitriformes,Accipitridae,Buteo_jamaicensis,gbif
Sialia sialis,Eastern Bluebird,Aves,Passeriformes,Turdidae,Sialia_sialis,gbif
Vireo flavifrons,Yellow-throated Vireo,Aves,Passeriformes,Vireonidae,Vireo_flavifrons,gbif
Coccyzus americanus,Yellow-billed Cuckoo,Aves,Cuculiformes,Cuculidae,Coccyzus_americanus,gbif
Pseudacris feriarum,Southeastern Chorus Frog,Amphibia,Anura,Hylidae,Pseudacris_feriarum,gbif
Larus argentatus,Herring Gull,Aves,Charadriiformes,Laridae,Larus_argentatus,gbif
Haemorhous purpureus,Purple Finch,Aves,Passeriformes,Fringillidae,Haemorhous_purpureus,gbif
Passerculus sandwichensis,Savannah Sparrow,Aves,Passeriformes,Passerellidae,Passerculus_sandwichensis,gbif
Himantopus himantopus,Black-winged Stilt,Aves,Charadriiformes,Recurvirostridae,Himantopus_himantopus,gbif
Gymnorhina tibicen,Australian Magpie,Aves,Passeriformes,Cracticidae,Gymnorhina_tibicen,gbif
Anthus campestris,Tawny Pipit,Aves,Passeriformes,Motacillidae,Anthus_campestris,gbif
Limnodynastes dumerilii,Banjo Frog,Amphibia,Anura,Limnodynastidae,Limnodynastes_dumerilii,gbif
Setophaga pensylvanica,Chestnut-sided Warbler,Aves,Passeriformes,Parulidae,Setophaga_pensylvanica,gbif
Psaltriparus minimus,Bushtit,Aves,Passeriformes,Aegithalidae,Psaltriparus_minimus,gbif
Coereba flaveola,Bananaquit,Aves,Passeriformes,Thraupidae,Coereba_flaveola,gbif
Loxia pytyopsittacus,Parrot Crossbill,Aves,Passeriformes,Fringillidae,Loxia_pytyopsittacus,gbif
Melospiza georgiana,Swamp Sparrow,Aves,Passeriformes,Passerellidae,Melospiza_georgiana,gbif
Limnodynastes peronii,Brown Frog,Amphibia,Anura,Limnodynastidae,Limnodynastes_peronii,gbif
Pluvialis squatarola,Black-bellied Plover,Aves,Charadriiformes,Charadriidae,Pluvialis_squatarola,gbif
Lanius collurio,Red-backed Shrike,Aves,Passeriformes,Laniidae,Lanius_collurio,gbif
Gastrophryne carolinensis,Eastern narrowmouth toad,Amphibia,Anura,Microhylidae,Gastrophryne_carolinensis,gbif
Dacelo novaeguineae,Laughing Kookaburra,Aves,Coraciiformes,Alcedinidae,Dacelo_novaeguineae,gbif
Glaucidium brasilianum,Ferruginous Pygmy-Owl,Aves,Strigiformes,Strigidae,Glaucidium_brasilianum,gbif
Setophaga petechia,Yellow Warbler,Aves,Passeriformes,Parulidae,Setophaga_petechia,gbif
Tamiasciurus hudsonicus,American red squirrel,Mammalia,Rodentia,Sciuridae,Tamiasciurus_hudsonicus,gbif
Empidonax virescens,Acadian Flycatcher,Aves,Passeriformes,Tyrannidae,Empidonax_virescens,gbif
Glaucidium passerinum,Eurasian Pygmy-Owl,Aves,Strigiformes,Strigidae,Glaucidium_passerinum,gbif
Tyrannus melancholicus,Tropical Kingbird,Aves,Passeriformes,Tyrannidae,Tyrannus_melancholicus,gbif
Melanerpes formicivorus,Acorn Woodpecker,Aves,Piciformes,Picidae,Melanerpes_formicivorus,gbif
Leiothlypis ruficapilla,Nashville Warbler,Aves,Passeriformes,Parulidae,Leiothlypis_ruficapilla,gbif
Vireo huttoni,Hutton's Vireo,Aves,Passeriformes,Vireonidae,Vireo_huttoni,gbif
Ixobrychus minutus,Little Bittern,Aves,Pelecaniformes,Ardeidae,Ixobrychus_minutus,gbif
Empidonax traillii,Willow Flycatcher,Aves,Passeriformes,Tyrannidae,Empidonax_traillii,gbif
Vireo bellii,Bell's Vireo,Aves,Passeriformes,Vireonidae,Vireo_bellii,gbif
Aphelocoma californica,California/Woodhouse's Scrub-Jay,Aves,Passeriformes,Corvidae,Aphelocoma_californica,gbif
Cantorchilus leucotis,Buff-breasted Wren,Aves,Passeriformes,Troglodytidae,Cantorchilus_leucotis,gbif
Aegolius funereus,Boreal Owl,Aves,Strigiformes,Strigidae,Aegolius_funereus,gbif
Falco peregrinus,Peregrine Falcon,Aves,Falconiformes,Falconidae,Falco_peregrinus,gbif
Strepera graculina,Pied Currawong,Aves,Passeriformes,Cracticidae,Strepera_graculina,gbif
Empidonax minimus,Least Flycatcher,Aves,Passeriformes,Tyrannidae,Empidonax_minimus,gbif
Yoyetta celis,Silver Princess,Insecta,Hemiptera,Cicadidae,Yoyetta_celis,gbif
Anthus richardi,Richard's/Blyth's Pipit,Aves,Passeriformes,Motacillidae,Anthus_richardi,gbif
Baeolophus inornatus,Oak Titmouse,Aves,Passeriformes,Paridae,Baeolophus_inornatus,gbif
Pachycephala pectoralis,Golden Whistler,Aves,Passeriformes,Pachycephalidae,Pachycephala_pectoralis,gbif
Psophodes olivaceus,Eastern Whipbird,Aves,Passeriformes,Psophodidae,Psophodes_olivaceus,gbif
Passerella iliaca,Fox Sparrow,Aves,Passeriformes,Passerellidae,Passerella_iliaca,gbif
Tadarida teniotis,European Free-tailed Bat,Mammalia,Chiroptera,Molossidae,Tadarida_teniotis,gbif
Troglodytes musculus,Southern House-Wren,Aves,Passeriformes,Troglodytidae,Troglodytes_musculus,gbif
Orthotomus sutorius,Common Tailorbird,Aves,Passeriformes,Cisticolidae,Orthotomus_sutorius,gbif
Lithobates sphenocephalus,Southern Leopard Frog,Amphibia,Anura,Ranidae,Lithobates_sphenocephalus,gbif
Eptesicus serotinus,Serotine Bat,Mammalia,Chiroptera,Vespertilionidae,Eptesicus_serotinus,gbif
Psaltoda plaga,Black Prince,Insecta,Hemiptera,Cicadidae,Psaltoda_plaga,gbif
Pseudacris triseriata,western chorus frog,Amphibia,Anura,Hylidae,Pseudacris_triseriata,gbif
Incilius nebulifer,Gulf Coast Toad,Amphibia,Anura,Bufonidae,Incilius_nebulifer,gbif
Nyctalus noctula,Noctule Bat,Mammalia,Chiroptera,Vespertilionidae,Nyctalus_noctula,gbif
Roeseliana roeselii,Roesel's Bush Cricket,Insecta,Orthoptera,Tettigoniidae,Roeseliana_roeselii,gbif
Tettigonia cantans,Upland Green Bush-cricket,Insecta,Orthoptera,Tettigoniidae,Tettigonia_cantans,gbif
Pipistrellus pygmaeus,Soprano Pipistrelle,Mammalia,Chiroptera,Vespertilionidae,Pipistrellus_pygmaeus,gbif
Saga hellenica,Greek Predatory Bush-cricket,Insecta,Orthoptera,Tettigoniidae,Saga_hellenica,gbif
Chorthippus mollis,lesser field grasshopper,Insecta,Orthoptera,Acrididae,Chorthippus_mollis,gbif
Pipistrellus kuhlii,Kuhl's pipistrelle,Mammalia,Chiroptera,Vespertilionidae,Pipistrellus_kuhlii,gbif
Phaneroptera nana,Mediterranean Katydid,Insecta,Orthoptera,Tettigoniidae,Phaneroptera_nana,gbif
Eupholidoptera schmidti,Schmidt's Marbled Bush-cricket,Insecta,Orthoptera,Tettigoniidae,Eupholidoptera_schmidti,gbif
Aleeta curvicosta,Floury Baker,Insecta,Hemiptera,Cicadidae,Aleeta_curvicosta,gbif
Eumodicogryllus bordigalensis,Bordeaux Cricket,Insecta,Orthoptera,Gryllidae,Eumodicogryllus_bordigalensis,gbif
Hypsugo savii,Savi's Pipistrelle,Mammalia,Chiroptera,Vespertilionidae,Hypsugo_savii,gbif
Chorthippus brunneus,field grasshopper,Insecta,Orthoptera,Acrididae,Chorthippus_brunneus,gbif
Lithobates pipiens,Northern Leopard Frog,Amphibia,Anura,Ranidae,Lithobates_pipiens,gbif
Nyctalus leisleri,Lesser noctule,Mammalia,Chiroptera,Vespertilionidae,Nyctalus_leisleri,gbif
Neotibicen pruinosus,Scissor Grinder,Insecta,Hemiptera,Cicadidae,Neotibicen_pruinosus,gbif
Magicicada cassini,dwarf periodical cicada,Insecta,Hemiptera,Cicadidae,Magicicada_cassini,gbif
Pseudacris clarkii,spotted chorus frog,Amphibia,Anura,Hylidae,Pseudacris_clarkii,gbif
Gryllotalpa gryllotalpa,Mole-cricket,Insecta,Orthoptera,Gryllotalpidae,Gryllotalpa_gryllotalpa,gbif
Isophya lemnotica,Limnos Bush-cricket,Insecta,Orthoptera,Tettigoniidae,Isophya_lemnotica,gbif
Limnodynastes tasmaniensis,spotted marsh frog,Amphibia,Anura,Limnodynastidae,Limnodynastes_tasmaniensis,gbif
Epidalea calamita,Natterjack,Amphibia,Anura,Bufonidae,Epidalea_calamita,gbif
Neotibicen robinsonianus,Juniper Scissor-Grinder,Insecta,Hemiptera,Cicadidae,Neotibicen_robinsonianus,gbif
Neotibicen tibicen,Black-back Cicada,Insecta,Hemiptera,Cicadidae,Neotibicen_tibicen,gbif
Galanga labeculata,Double-spotted Cicada,Insecta,Hemiptera,Cicadidae,Galanga_labeculata,gbif
Pseudochorthippus parallelus,Meadow Grasshopper,Insecta,Orthoptera,Acrididae,Pseudochorthippus_parallelus,gbif
Acris crepitans,northern cricket frog,Amphibia,Anura,Hylidae,Acris_crepitans,gbif
Cyclochila australasiae,Blue Moon (turquoise form),Insecta,Hemiptera,Cicadidae,Cyclochila_australasiae,gbif
Zhangixalus arvalis,Farmland Green Treefrog,Amphibia,Anura,Rhacophoridae,Zhangixalus_arvalis,gbif
Dryophytes squirellus,Squirrel Treefrog,Amphibia,Anura,Hylidae,Dryophytes_squirellus,gbif
Chorthippus eisentrauti,Eisentraut's Bow-winged Grasshopper,Insecta,Orthoptera,Acrididae,Chorthippus_eisentrauti,gbif
Platycleis albopunctata,Grey Bush Cricket,Insecta,Orthoptera,Tettigoniidae,Platycleis_albopunctata,gbif
Pelophylax lessonae,Pool Frog,Amphibia,Anura,Ranidae,Pelophylax_lessonae,gbif
Alytes obstetricans,midwife frog,Amphibia,Anura,Alytidae,Alytes_obstetricans,gbif
Pseudacris fouquettei,Cajun Chorus Frog,Amphibia,Anura,Hylidae,Pseudacris_fouquettei,gbif
Gryllus pennsylvanicus,Fall Field Cricket,Insecta,Orthoptera,Gryllidae,Gryllus_pennsylvanicus,gbif
Acris gryllus,southern cricket frog,Amphibia,Anura,Hylidae,Acris_gryllus,gbif
Gastrophryne olivacea,Great Plains Narrow-mouthed Toad,Amphibia,Anura,Microhylidae,Gastrophryne_olivacea,gbif
Pelophylax perezi,Iberian Water Frog,Amphibia,Anura,Ranidae,Pelophylax_perezi,gbif
Strongylopus grayii,Clicking Stream Frog,Amphibia,Anura,Pyxicephalidae,Strongylopus_grayii,gbif
Bufotes viridis,Green Toad,Amphibia,Anura,Bufonidae,Bufotes_viridis,gbif
Conocephalus fuscus,Long-winged Conehead,Insecta,Orthoptera,Tettigoniidae,Conocephalus_fuscus,gbif
Leptophyes punctatissima,Speckled Bush Cricket,Insecta,Orthoptera,Tettigoniidae,Leptophyes_punctatissima,gbif
Hyla meridionalis,Stripeless Tree Frog,Amphibia,Anura,Hylidae,Hyla_meridionalis,gbif
Yoyetta repetens,Zipping Ambertail,Insecta,Hemiptera,Cicadidae,Yoyetta_repetens,gbif
Phaneroptera falcata,Sickle-bearing Bush-cricket,Insecta,Orthoptera,Tettigoniidae,Phaneroptera_falcata,gbif
Cicada barbara,,Insecta,Hemiptera,Cicadidae,Cicada_barbara,gbif
Tessellana lagrecai,La Greca's Slender Bush-cricket,Insecta,Orthoptera,Tettigoniidae,Tessellana_lagrecai,gbif
Hapithus saltator,Jumping Bush Cricket,Insecta,Orthoptera,Gryllidae,Hapithus_saltator,gbif
Pteronemobius heydenii,,Insecta,Orthoptera,Trigonidiidae,Pteronemobius_heydenii,gbif
Velarifictorus micado,Japanese burrowing cricket,Insecta,Orthoptera,Gryllidae,Velarifictorus_micado,gbif
Anaxyrus fowleri,Fowler's Toad,Amphibia,Anura,Bufonidae,Anaxyrus_fowleri,gbif
Atrapsalta corticina,Bark Squeaker,Insecta,Hemiptera,Cicadidae,Atrapsalta_corticina,gbif
Ruspolia nitidula,Large Conehead,Insecta,Orthoptera,Tettigoniidae,Ruspolia_nitidula,gbif
Nemobius sylvestris,Wood Cricket,Insecta,Orthoptera,Trigonidiidae,Nemobius_sylvestris,gbif
Dryophytes japonicus,Japanese Treefrog,Amphibia,Anura,Hylidae,Dryophytes_japonicus,gbif
Neotibicen canicularis,God-day Cicada,Insecta,Hemiptera,Cicadidae,Neotibicen_canicularis,gbif
Lithobates palustris,Pickerel Frog,Amphibia,Anura,Ranidae,Lithobates_palustris,gbif
Eleutherodactylus campi,Camp's Chirping Frog,Amphibia,Anura,Eleutherodactylidae,Eleutherodactylus_campi,gbif
Decticus albifrons,Mediterranean Wart-biter,Insecta,Orthoptera,Tettigoniidae,Decticus_albifrons,gbif
Litoria ewingii,southern brown tree frog,Amphibia,Anura,Pelodryadidae,Litoria_ewingii,gbif
Microcentrum rhombifolium,Broad-winged Katydid,Insecta,Orthoptera,Tettigoniidae,Microcentrum_rhombifolium,gbif
Henicopsaltria eydouxii,Razor Grinder,Insecta,Hemiptera,Cicadidae,Henicopsaltria_eydouxii,gbif
Poecilimon affinis,Balkan Bright Bush-cricket,Insecta,Orthoptera,Tettigoniidae,Poecilimon_affinis,gbif
Popplepsalta notialis,Southern Red-eyed Squeaker,Insecta,Hemiptera,Cicadidae,Popplepsalta_notialis,gbif
Phaneroptera sparsa,Arabian Sickle Bush-cricke,Insecta,Orthoptera,Tettigoniidae,Phaneroptera_sparsa,gbif
Litoria peronii,Peron’s Tree Frog,Amphibia,Anura,Pelodryadidae,Litoria_peronii,gbif
Decticus verrucivorus,Wart-biter,Insecta,Orthoptera,Tettigoniidae,Decticus_verrucivorus,gbif
Oecanthus fultoni,Snowy Tree Cricket,Insecta,Orthoptera,Gryllidae,Oecanthus_fultoni,gbif
Tettigettalna argentata,,Insecta,Hemiptera,Cicadidae,Tettigettalna_argentata,gbif
Pelophylax nigromaculatus,Black-spotted Pond Frog,Amphibia,Anura,Ranidae,Pelophylax_nigromaculatus,gbif
Neocicada hieroglyphica,Hieroglyphic Cicada,Insecta,Hemiptera,Cicadidae,Neocicada_hieroglyphica,gbif
Hyalessa maculaticollis,Cham Cicada,Insecta,Hemiptera,Cicadidae,Hyalessa_maculaticollis,gbif
Oecanthus nigricornis,Black-horned Tree Cricket,Insecta,Orthoptera,Gryllidae,Oecanthus_nigricornis,gbif
Cystosoma saundersii,Bladder Cicada,Insecta,Hemiptera,Cicadidae,Cystosoma_saundersii,gbif
Psaltoda moerens,Redeye,Insecta,Hemiptera,Cicadidae,Psaltoda_moerens,gbif
Oecanthus quadripunctatus,Four-spotted Tree Cricket,Insecta,Orthoptera,Gryllidae,Oecanthus_quadripunctatus,gbif
Rhinolophus hipposideros,Lesser Horseshoe Bat,Mammalia,Chiroptera,Rhinolophidae,Rhinolophus_hipposideros,gbif
Neotibicen lyricen,Lyre Scissor-Grinder,Insecta,Hemiptera,Cicadidae,Neotibicen_lyricen,gbif
Adelotus brevis,Tusked Frog,Amphibia,Anura,Limnodynastidae,Adelotus_brevis,gbif
Neotibicen linnei,Angled Harvestfly,Insecta,Hemiptera,Cicadidae,Neotibicen_linnei,gbif
Sylvirana guentheri,,Amphibia,Anura,Ranidae,Sylvirana_guentheri,gbif
Platycleis intermedia,Intermediate Grey Bush-cricket,Insecta,Orthoptera,Tettigoniidae,Platycleis_intermedia,gbif
Lithobates berlandieri,Rio Grande Leopard Frog,Amphibia,Anura,Ranidae,Lithobates_berlandieri,gbif
Bicolorana bicolor,Bicolour Meadow Bush-cricket,Insecta,Orthoptera,Tettigoniidae,Bicolorana_bicolor,gbif
Oecanthus dulcisonans,Large Tree-cricket,Insecta,Orthoptera,Gryllidae,Oecanthus_dulcisonans,gbif
Neoconocephalus ensiger,Swordbearer,Insecta,Orthoptera,Tettigoniidae,Neoconocephalus_ensiger,gbif
Psaltoda harrisii,Yellowbelly,Insecta,Hemiptera,Cicadidae,Psaltoda_harrisii,gbif
Neocurtilla hexadactyla,northern mole cricket,Insecta,Orthoptera,Gryllotalpidae,Neocurtilla_hexadactyla,gbif
Barbitistes ocskayi,Black Saw Bush-cricket,Insecta,Orthoptera,Tettigoniidae,Barbitistes_ocskayi,gbif
Neotibicen superbus,Superb Dog-day Cicada,Insecta,Hemiptera,Cicadidae,Neotibicen_superbus,gbif
Ephippiger diurnus,Western Saddle Bush-cricket,Insecta,Orthoptera,Tettigoniidae,Ephippiger_diurnus,gbif
Chorthippus vagans,heath grasshopper,Insecta,Orthoptera,Acrididae,Chorthippus_vagans,gbif
Oecanthus argentinus,prairie tree cricket,Insecta,Orthoptera,Gryllidae,Oecanthus_argentinus,gbif
Barbastella barbastellus,Western Barbastelle,Mammalia,Chiroptera,Vespertilionidae,Barbastella_barbastellus,gbif
Tamiasciurus douglasii,Douglas squirrel,Mammalia,Rodentia,Sciuridae,Tamiasciurus_douglasii,gbif
Canariola emarginata,Spanish Laurel Bush-cricket,Insecta,Orthoptera,Tettigoniidae,Canariola_emarginata,gbif
Muntiacus reevesi,Chinese Muntjac,Mammalia,Artiodactyla,Cervidae,Muntiacus_reevesi,gbif
Otospermophilus beecheyi,California ground squirrel,Mammalia,Rodentia,Sciuridae,Otospermophilus_beecheyi,gbif
Lithobates grylio,Pig Frog,Amphibia,Anura,Ranidae,Lithobates_grylio,gbif
Litoria fallax,Eastern Dwarf Treefrog,Amphibia,Anura,Pelodryadidae,Litoria_fallax,gbif
Poecilimon ornatus,Ornate Bright Bush-cricket,Insecta,Orthoptera,Tettigoniidae,Poecilimon_ornatus,gbif
Yersinella raymondii,Raymond's Bush-cricket,Insecta,Orthoptera,Tettigoniidae,Yersinella_raymondii,gbif
Platypleura kaempferi,,Insecta,Hemiptera,Cicadidae,Platypleura_kaempferi,gbif
Chorthippus dorsatus,Steppe grasshopper,Insecta,Orthoptera,Acrididae,Chorthippus_dorsatus,gbif
Omocestus viridulus,Common Green Grasshopper,Insecta,Orthoptera,Acrididae,Omocestus_viridulus,gbif
Platycleis affinis,,Insecta,Orthoptera,Tettigoniidae,Platycleis_affinis,gbif
Plecotus auritus,common long-eared bat,Mammalia,Chiroptera,Vespertilionidae,Plecotus_auritus,gbif
Rana arvalis,Moor Frog,Amphibia,Anura,Ranidae,Rana_arvalis,gbif
Hyla intermedia,Italian Tree Frog,Amphibia,Anura,Hylidae,Hyla_intermedia,gbif
Ranoidea raniformis,Golden Bell Frog,Amphibia,Anura,Pelodryadidae,Ranoidea_raniformis,gbif
Kaloula pulchra,"Common,Banded Bullfrog",Amphibia,Anura,Microhylidae,Kaloula_pulchra,gbif
Zhangixalus moltrechti,Moltrech's Green Flying Frog,Amphibia,Anura,Rhacophoridae,Zhangixalus_moltrechti,gbif
Miniopterus schreibersii,Schreibers's Long-fingered Bat,Mammalia,Chiroptera,Miniopteridae,Miniopterus_schreibersii,gbif
Geocrinia victoriana,Eastern Smooth Frog,Amphibia,Anura,Myobatrachidae,Geocrinia_victoriana,gbif
Anaxyrus terrestris,southern toad,Amphibia,Anura,Bufonidae,Anaxyrus_terrestris,gbif
Diceros bicornis,black rhinoceros,Mammalia,Perissodactyla,Rhinocerotidae,Diceros_bicornis,gbif
Pseudacris streckeri,Strecker's Chorus Frog,Amphibia,Anura,Hylidae,Pseudacris_streckeri,gbif
Arthroleptella villiersi,De Villiers' Chirping Frog,Amphibia,Anura,Pyxicephalidae,Arthroleptella_villiersi,gbif
Pipistrellus creticus,Crete Pipistrelle,Mammalia,Chiroptera,Vespertilionidae,Pipistrellus_creticus,gbif
Osteopilus septentrionalis,"Cuban tree frog, Giant Tree-frog",Amphibia,Anura,Hylidae,Osteopilus_septentrionalis,gbif
Ranoidea caerulea,,Amphibia,Anura,Pelodryadidae,Ranoidea_caerulea,gbif
Crinia parinsignifera,Beeping Froglet,Amphibia,Anura,Myobatrachidae,Crinia_parinsignifera,gbif
Eptesicus nilssonii,Northern Bat,Mammalia,Chiroptera,Vespertilionidae,Eptesicus_nilssonii,gbif
Vespertilio murinus,Parti-coloured Bat,Mammalia,Chiroptera,Vespertilionidae,Vespertilio_murinus,gbif
Procyon lotor,raccoon,Mammalia,Carnivora,Procyonidae,Procyon_lotor,gbif
Arthroleptella lightfooti,Cape Peninsula Chirping Frog,Amphibia,Anura,Pyxicephalidae,Arthroleptella_lightfooti,gbif
Ictidomys tridecemlineatus,thirteen-lined ground squirrel,Mammalia,Rodentia,Sciuridae,Ictidomys_tridecemlineatus,gbif
Microhyla fissipes,Ornate Narrow-mouthed Frog,Amphibia,Anura,Microhylidae,Microhyla_fissipes,gbif
Eleutherodactylus johnstonei,"Lesser Antillean whistling frog, Johnstone's Whistling Frog, Johnstone's Robber Frog, Montserrat whistling frog",Amphibia,Anura,Eleutherodactylidae,Eleutherodactylus_johnstonei,gbif
Boana pulchella,Montevideo tree frog,Amphibia,Anura,Hylidae,Boana_pulchella,gbif
Myotis capaccinii,Long-fingered bat,Mammalia,Chiroptera,Vespertilionidae,Myotis_capaccinii,gbif
Sciurus niger,fox squirrel,Mammalia,Rodentia,Sciuridae,Sciurus_niger,gbif
Anaxyrus woodhousii,woodhouse's toad,Amphibia,Anura,Bufonidae,Anaxyrus_woodhousii,gbif
Dryophytes femoralis,Pine Woods Treefrog,Amphibia,Anura,Hylidae,Dryophytes_femoralis,gbif
Fejervarya limnocharis,Asian Grass Frog/Common Pond Frog/Field Frog/Grass Frog/Indian Rice Frog,Amphibia,Anura,Dicroglossidae,Fejervarya_limnocharis,gbif
Ochotona princeps,American pika,Mammalia,Lagomorpha,Ochotonidae,Ochotona_princeps,gbif
Pelodytes punctatus,Parsley Frog,Amphibia,Anura,Pelodytidae,Pelodytes_punctatus,gbif
Hypopachus variolosus,Northern Sheep Frog,Amphibia,Anura,Microhylidae,Hypopachus_variolosus,gbif
Callosciurus erythraeus,Pallas's squirrel,Mammalia,Rodentia,Sciuridae,Callosciurus_erythraeus,gbif
Lasiurus blossevillii,Red Bat,Mammalia,Chiroptera,Vespertilionidae,Lasiurus_blossevillii,gbif
Scaphiopus couchii,Couch's spadefoot toad,Amphibia,Anura,Scaphiopodidae,Scaphiopus_couchii,gbif
Kassina senegalensis,Senegal Land Frog,Amphibia,Anura,Hyperoliidae,Kassina_senegalensis,gbif
Pseudacris brachyphona,Mountain Chorus Frog,Amphibia,Anura,Hylidae,Pseudacris_brachyphona,gbif
Leptodactylus albilabris,Caribbean White-lipped Frog,Amphibia,Anura,Leptodactylidae,Leptodactylus_albilabris,gbif
Eleutherodactylus planirostris,Greenhouse frog,Amphibia,Anura,Eleutherodactylidae,Eleutherodactylus_planirostris,gbif
Peropteryx kappleri,Greater Dog-Like Bat,Mammalia,Chiroptera,Emballonuridae,Peropteryx_kappleri,gbif
Aeorestes cinereus,Hoary Bat,Mammalia,Chiroptera,Vespertilionidae,Aeorestes_cinereus,gbif
Anaxyrus speciosus,texas toad,Amphibia,Anura,Bufonidae,Anaxyrus_speciosus,gbif
Dryophytes avivoca,Bird-voiced Treefrog,Amphibia,Anura,Hylidae,Dryophytes_avivoca,gbif
Duttaphrynus melanostictus,Common Sunda Toad,Amphibia,Anura,Bufonidae,Duttaphrynus_melanostictus,gbif
Lasionycteris noctivagans,silver-haired bat,Mammalia,Chiroptera,Vespertilionidae,Lasionycteris_noctivagans,gbif
Pseudacris ocularis,Little Grass Frog,Amphibia,Anura,Hylidae,Pseudacris_ocularis,gbif
Nidirana adenopleura,Olive Frog,Amphibia,Anura,Ranidae,Nidirana_adenopleura,gbif
Dryophytes immaculatus,Chinese Immaculate Treefrog,Amphibia,Anura,Hylidae,Dryophytes_immaculatus,gbif
Glaucomys volans,southern flying squirrel,Mammalia,Rodentia,Sciuridae,Glaucomys_volans,gbif
Leptodactylus fragilis,Mexican White-lipped Frog,Amphibia,Anura,Leptodactylidae,Leptodactylus_fragilis,gbif
Canis aureus,golden jackal,Mammalia,Carnivora,Canidae,Canis_aureus,gbif
Myotis nattereri,Natterer's Bat,Mammalia,Chiroptera,Vespertilionidae,Myotis_nattereri,gbif
Pseudacris nigrita,Southern Chorus Frog,Amphibia,Anura,Hylidae,Pseudacris_nigrita,gbif
Dryophytes gratiosus,Barking Treefrog,Amphibia,Anura,Hylidae,Dryophytes_gratiosus,gbif
Petaurus australis,Yellow-bellied Glider,Mammalia,Diprotodontia,Petauridae,Petaurus_australis,gbif
Odocoileus virginianus,white-tailed deer,Mammalia,Artiodactyla,Cervidae,Odocoileus_virginianus,gbif
Rhinella horribilis,Mesoamerican Cane Toad,Amphibia,Anura,Bufonidae,Rhinella_horribilis,gbif
Sciurus griseus,Western Gray Squirrel,Mammalia,Rodentia,Sciuridae,Sciurus_griseus,gbif
Scaphiopus holbrookii,Eastern spadefoot toad,Amphibia,Anura,Scaphiopodidae,Scaphiopus_holbrookii,gbif
Kaloula borealis,Manchurian Narrowmouth Toad,Amphibia,Anura,Microhylidae,Kaloula_borealis,gbif
Alouatta pigra,Central American Black Howler,Mammalia,Primates,Atelidae,Alouatta_pigra,gbif
Molossus molossus,Velvety free-tailed bat,Mammalia,Chiroptera,Molossidae,Molossus_molossus,gbif
Rana dalmatina,Agile Frog,Amphibia,Anura,Ranidae,Rana_dalmatina,gbif
Myotis dasycneme,Pond Bat,Mammalia,Chiroptera,Vespertilionidae,Myotis_dasycneme,gbif
Sciurus vulgaris,Eurasian red squirrel,Mammalia,Rodentia,Sciuridae,Sciurus_vulgaris,gbif
Sclerophrys gutturalis,Gutteral Toad,Amphibia,Anura,Bufonidae,Sclerophrys_gutturalis,gbif
Lithobates kauffeldi,Mid-Atlantic Coast Leopard Frog,Amphibia,Anura,Ranidae,Lithobates_kauffeldi,gbif
Strongylopus fasciatus,Striped Stream Frog,Amphibia,Anura,Pyxicephalidae,Strongylopus_fasciatus,gbif
Microbatrachella capensis,Cape Flats Frog,Amphibia,Anura,Pyxicephalidae,Microbatrachella_capensis,gbif
Lithobates areolatus,Crawfish Frog,Amphibia,Anura,Ranidae,Lithobates_areolatus,gbif
Hyla orientalis,Common Treefrog,Amphibia,Anura,Hylidae,Hyla_orientalis,gbif
Myotis riparius,Riparian Myotis,Mammalia,Chiroptera,Vespertilionidae,Myotis_riparius,gbif
Anaxyrus quercicus,oak toad,Amphibia,Anura,Bufonidae,Anaxyrus_quercicus,gbif
Crinia glauerti,Rattle Froglet,Amphibia,Anura,Myobatrachidae,Crinia_glauerti,gbif
Pseudacris kalmi,New Jersey Chorus Frog,Amphibia,Anura,Hylidae,Pseudacris_kalmi,gbif
Litoria verreauxii,Verreaux’s Tree Frog,Amphibia,Anura,Pelodryadidae,Litoria_verreauxii,gbif
Petaurus notatus,Inland Sugar Glider,Mammalia,Diprotodontia,Petauridae,Petaurus_notatus,gbif
Lithobates virgatipes,Carpenter Frog,Amphibia,Anura,Ranidae,Lithobates_virgatipes,gbif
Cacosternum boettgeri,Boettger's Frog,Amphibia,Anura,Pyxicephalidae,Cacosternum_boettgeri,gbif
Artibeus watsoni,Thomas's Fruit-eating Bat,Mammalia,Chiroptera,Phyllostomidae,Artibeus_watsoni,gbif
Leptodactylus melanonotus,Sabinal Frog,Amphibia,Anura,Leptodactylidae,Leptodactylus_melanonotus,gbif
Breviceps montanus,Mountain Blaasop,Amphibia,Anura,Brevicipitidae,Breviceps_montanus,gbif
Leptodactylus fuscus,Rufous Frog,Amphibia,Anura,Leptodactylidae,Leptodactylus_fuscus,gbif
Lithobates septentrionalis,Mink Frog,Amphibia,Anura,Ranidae,Lithobates_septentrionalis,gbif
Pipistrellus abramus,Japanese House Bat,Mammalia,Chiroptera,Vespertilionidae,Pipistrellus_abramus,gbif
Leptodactylus gracilis,Dumeril's Striped Frog,Amphibia,Anura,Leptodactylidae,Leptodactylus_gracilis,gbif
Smilisca baudinii,Mexican Smilisca,Amphibia,Anura,Hylidae,Smilisca_baudinii,gbif
Tamias merriami,Ardilla Listada De Merriam,Mammalia,Rodentia,Sciuridae,Tamias_merriami,gbif
Otospermophilus variegatus,rock squirrel,Mammalia,Rodentia,Sciuridae,Otospermophilus_variegatus,gbif
Panthera pardus,leopard,Mammalia,Carnivora,Felidae,Panthera_pardus,gbif
Glis glis,edible doormouse,Mammalia,Rodentia,Gliridae,Glis_glis,gbif
Sus scrofa,wild boar,Mammalia,Artiodactyla,Suidae,Sus_scrofa,gbif
Urocyon cinereoargenteus,gray fox,Mammalia,Carnivora,Canidae,Urocyon_cinereoargenteus,gbif
Puma concolor,puma,Mammalia,Carnivora,Felidae,Puma_concolor,gbif
Alouatta seniculus,Venezuelan red howler,Mammalia,Primates,Atelidae,Alouatta_seniculus,gbif
Eumops glaucinus,Wagner's bonneted bat,Mammalia,Chiroptera,Molossidae,Eumops_glaucinus,gbif
Hylochoerus meinertzhageni,giant forest hog,Mammalia,Artiodactyla,Suidae,Hylochoerus_meinertzhageni,gbif
